,Name,CrossVal Accuracy,F1 Score,AUC
0,Bare Bones with MEstimate Encoder,0.7268411442483262,0.6490218571228781,0.7712878190329683
1,Bare Bones with Target Encoder,0.7339013998782715,0.6544454104729959,0.7771077488927784
2,Bare Bones with WOE Encoder,0.737025765875431,0.6580921441143677,0.7806710618084038
3,Bare Bones with Helmert Encoder,0.7332116047879895,0.6622812081089122,0.7519641364016041
