,Name,CrossVal Accuracy,F1 Score,AUC
0,Feature Selection KBest F-Classif,0.737025765875431,0.6579221552692892,0.7806984811861712
1,Feature Selection KBest MI,0.7371069182389937,0.6540110604531448,0.7779890244947878
2,Feature Selection RFE,0.7351186853317102,0.6565940549462997,0.7796129064497355
